create database if not EXISTS anni;
use anni;

DROP TABLE IF EXISTS `custom`;
CREATE TABLE `custom` (
  `id` int(11) NOT NULL,
  `name` varchar(255) NOT NULL,
  `sex` varchar(255) DEFAULT NULL,
  `phone` int(11) NOT NULL,
  PRIMARY KEY (`id`)
) ENGINE=InnoDB DEFAULT CHARSET=utf8;

DROP TABLE IF EXISTS `doctor`;
CREATE TABLE `doctor` (
  `id` int(11) NOT NULL,
  `name` varchar(255) NOT NULL,
  `sex` varchar(255) DEFAULT NULL,
  `phone` int(11) DEFAULT NULL,
  `wechat` varchar(255) DEFAULT NULL,
  `skill` varchar(255) DEFAULT NULL,
  PRIMARY KEY (`id`)
) ENGINE=InnoDB DEFAULT CHARSET=utf8;

DROP TABLE IF EXISTS `task`;
CREATE TABLE `task` (
  `id` int(11) NOT NULL,
  `name` varchar(255) NOT NULL,
  `price` int(11) NOT NULL,
  `firstTime` int(11) NOT NULL,
  `secondTime` int(11) NOT NULL,
  PRIMARY KEY (`id`)
) ENGINE=InnoDB DEFAULT CHARSET=utf8;

DROP TABLE IF EXISTS `subscribe`;
CREATE TABLE `subscribe` (
  `id` int(11) NOT NULL,
  `c_id` int(11) NOT NULL,
  `d_id` int(11) NOT NULL,
  `t_id` int(11) NOT NULL,
  `first` int(11) NOT NULL,
  `subtime` datetime NOT NULL,
  `rank` int(11) NOT NULL,
  PRIMARY KEY (`id`),
  KEY `c_id` (`c_id`),
  KEY `d_id` (`d_id`),
  KEY `t_id` (`t_id`),
  CONSTRAINT `subscribe_ibfk_1` FOREIGN KEY (`c_id`) REFERENCES `custom` (`id`),
  CONSTRAINT `subscribe_ibfk_2` FOREIGN KEY (`d_id`) REFERENCES `doctor` (`id`),
  CONSTRAINT `subscribe_ibfk_3` FOREIGN KEY (`t_id`) REFERENCES `task` (`id`)
) ENGINE=InnoDB DEFAULT CHARSET=utf8;


INSERT INTO `custom` VALUES (1,'custom1', '男', 101);
INSERT INTO `custom` VALUES (2,'custom2', '男', 102);
INSERT INTO `custom` VALUES (3,'custom3', '男', 103);
INSERT INTO `custom` VALUES (4,'custom4', '男', 104);
INSERT INTO `custom` VALUES (5,'custom5', '男', 105);
INSERT INTO `custom` VALUES (6,'custom6', '男', 106);
INSERT INTO `custom` VALUES (7,'custom7', '男', 107);
INSERT INTO `custom` VALUES (8,'custom8', '男', 108);
INSERT INTO `custom` VALUES (9,'custom9', '男', 109);
INSERT INTO `custom` VALUES (10,'custom10', '男', 110);
INSERT INTO `custom` VALUES (11,'custom11', '男', 111);
INSERT INTO `custom` VALUES (12,'custom12', '男', 112);
INSERT INTO `custom` VALUES (13,'custom13', '男', 113);
INSERT INTO `custom` VALUES (14,'custom14', '男', 114);
INSERT INTO `custom` VALUES (15,'custom15', '男', 115);
INSERT INTO `custom` VALUES (16,'custom16', '男', 116);
INSERT INTO `custom` VALUES (17,'custom17', '男', 117);
INSERT INTO `custom` VALUES (18,'custom18', '男', 118);
INSERT INTO `custom` VALUES (19,'custom19', '男', 119);
INSERT INTO `custom` VALUES (20,'custom20', '男', 120);
INSERT INTO `custom` VALUES (21,'custom21', '男', 121);
INSERT INTO `custom` VALUES (22,'custom22', '男', 122);
INSERT INTO `custom` VALUES (23,'custom23', '男', 123);
INSERT INTO `custom` VALUES (24,'custom24', '男', 124);
INSERT INTO `custom` VALUES (25,'custom25', '男', 125);
INSERT INTO `custom` VALUES (26,'custom26', '男', 126);
INSERT INTO `custom` VALUES (27,'custom27', '男', 127);
INSERT INTO `custom` VALUES (28,'custom28', '男', 128);
INSERT INTO `custom` VALUES (29,'custom29', '男', 129);
INSERT INTO `custom` VALUES (30,'custom30', '男', 130);
INSERT INTO `custom` VALUES (31,'custom31', '男', 131);
INSERT INTO `custom` VALUES (32,'custom32', '男', 132);
INSERT INTO `custom` VALUES (33,'custom33', '男', 133);
INSERT INTO `custom` VALUES (34,'custom34', '男', 134);
INSERT INTO `custom` VALUES (35,'custom35', '男', 135);
INSERT INTO `custom` VALUES (36,'custom36', '男', 136);
INSERT INTO `custom` VALUES (37,'custom37', '男', 137);
INSERT INTO `custom` VALUES (38,'custom38', '男', 138);
INSERT INTO `custom` VALUES (39,'custom39', '男', 139);
INSERT INTO `custom` VALUES (40,'custom40', '男', 140);
INSERT INTO `custom` VALUES (41,'custom41', '男', 141);
INSERT INTO `custom` VALUES (42,'custom42', '男', 142);
INSERT INTO `custom` VALUES (43,'custom43', '男', 143);
INSERT INTO `custom` VALUES (44,'custom44', '男', 144);
INSERT INTO `custom` VALUES (45,'custom45', '男', 145);
INSERT INTO `custom` VALUES (46,'custom46', '男', 146);
INSERT INTO `custom` VALUES (47,'custom47', '男', 147);
INSERT INTO `custom` VALUES (48,'custom48', '男', 148);
INSERT INTO `custom` VALUES (49,'custom49', '男', 149);
INSERT INTO `custom` VALUES (50,'custom50', '男', 150);
INSERT INTO `custom` VALUES (51,'custom51', '男', 151);
INSERT INTO `custom` VALUES (52,'custom52', '男', 152);
INSERT INTO `custom` VALUES (53,'custom53', '男', 153);
INSERT INTO `custom` VALUES (54,'custom54', '男', 154);
INSERT INTO `custom` VALUES (55,'custom55', '男', 155);
INSERT INTO `custom` VALUES (56,'custom56', '男', 156);
INSERT INTO `custom` VALUES (57,'custom57', '男', 157);
INSERT INTO `custom` VALUES (58,'custom58', '男', 158);
INSERT INTO `custom` VALUES (59,'custom59', '男', 159);
INSERT INTO `custom` VALUES (60,'custom60', '男', 160);
INSERT INTO `custom` VALUES (61,'custom61', '男', 161);
INSERT INTO `custom` VALUES (62,'custom62', '男', 162);
INSERT INTO `custom` VALUES (63,'custom63', '男', 163);
INSERT INTO `custom` VALUES (64,'custom64', '男', 164);
INSERT INTO `custom` VALUES (65,'custom65', '男', 165);
INSERT INTO `custom` VALUES (66,'custom66', '男', 166);
INSERT INTO `custom` VALUES (67,'custom67', '男', 167);
INSERT INTO `custom` VALUES (68,'custom68', '男', 168);
INSERT INTO `custom` VALUES (69,'custom69', '男', 169);
INSERT INTO `custom` VALUES (70,'custom70', '男', 170);
INSERT INTO `custom` VALUES (71,'custom71', '男', 171);
INSERT INTO `custom` VALUES (72,'custom72', '男', 172);
INSERT INTO `custom` VALUES (73,'custom73', '男', 173);
INSERT INTO `custom` VALUES (74,'custom74', '男', 174);
INSERT INTO `custom` VALUES (75,'custom75', '男', 175);
INSERT INTO `custom` VALUES (76,'custom76', '男', 176);
INSERT INTO `custom` VALUES (77,'custom77', '男', 177);
INSERT INTO `custom` VALUES (78,'custom78', '男', 178);
INSERT INTO `custom` VALUES (79,'custom79', '男', 179);
INSERT INTO `custom` VALUES (80,'custom80', '男', 180);
INSERT INTO `custom` VALUES (81,'custom81', '男', 181);
INSERT INTO `custom` VALUES (82,'custom82', '男', 182);
INSERT INTO `custom` VALUES (83,'custom83', '男', 183);
INSERT INTO `custom` VALUES (84,'custom84', '男', 184);
INSERT INTO `custom` VALUES (85,'custom85', '男', 185);
INSERT INTO `custom` VALUES (86,'custom86', '男', 186);
INSERT INTO `custom` VALUES (87,'custom87', '男', 187);
INSERT INTO `custom` VALUES (88,'custom88', '男', 188);
INSERT INTO `custom` VALUES (89,'custom89', '男', 189);
INSERT INTO `custom` VALUES (90,'custom90', '男', 190);
INSERT INTO `custom` VALUES (91,'custom91', '男', 191);
INSERT INTO `custom` VALUES (92,'custom92', '男', 192);
INSERT INTO `custom` VALUES (93,'custom93', '男', 193);
INSERT INTO `custom` VALUES (94,'custom94', '男', 194);
INSERT INTO `custom` VALUES (95,'custom95', '男', 195);
INSERT INTO `custom` VALUES (96,'custom96', '男', 196);
INSERT INTO `custom` VALUES (97,'custom97', '男', 197);
INSERT INTO `custom` VALUES (98,'custom98', '男', 198);
INSERT INTO `custom` VALUES (99,'custom99', '男', 199);
INSERT INTO `custom` VALUES (100,'custom100', '男', 200);
INSERT INTO `custom` VALUES (101,'custom101', '男', 201);
INSERT INTO `custom` VALUES (102,'custom102', '男', 202);
INSERT INTO `custom` VALUES (103,'custom103', '男', 203);
INSERT INTO `custom` VALUES (104,'custom104', '男', 204);
INSERT INTO `custom` VALUES (105,'custom105', '男', 205);
INSERT INTO `custom` VALUES (106,'custom106', '男', 206);
INSERT INTO `custom` VALUES (107,'custom107', '男', 207);
INSERT INTO `custom` VALUES (108,'custom108', '男', 208);
INSERT INTO `custom` VALUES (109,'custom109', '男', 209);
INSERT INTO `custom` VALUES (110,'custom110', '男', 210);
INSERT INTO `custom` VALUES (111,'custom111', '男', 211);
INSERT INTO `custom` VALUES (112,'custom112', '男', 212);
INSERT INTO `custom` VALUES (113,'custom113', '男', 213);
INSERT INTO `custom` VALUES (114,'custom114', '男', 214);
INSERT INTO `custom` VALUES (115,'custom115', '男', 215);
INSERT INTO `custom` VALUES (116,'custom116', '男', 216);
INSERT INTO `custom` VALUES (117,'custom117', '男', 217);
INSERT INTO `custom` VALUES (118,'custom118', '男', 218);
INSERT INTO `custom` VALUES (119,'custom119', '男', 219);
INSERT INTO `custom` VALUES (120,'custom120', '男', 220);
INSERT INTO `custom` VALUES (121,'custom121', '男', 221);
INSERT INTO `custom` VALUES (122,'custom122', '男', 222);
INSERT INTO `custom` VALUES (123,'custom123', '男', 223);
INSERT INTO `custom` VALUES (124,'custom124', '男', 224);
INSERT INTO `custom` VALUES (125,'custom125', '男', 225);
INSERT INTO `custom` VALUES (126,'custom126', '男', 226);
INSERT INTO `custom` VALUES (127,'custom127', '男', 227);
INSERT INTO `custom` VALUES (128,'custom128', '男', 228);
INSERT INTO `custom` VALUES (129,'custom129', '男', 229);
INSERT INTO `custom` VALUES (130,'custom130', '男', 230);
INSERT INTO `custom` VALUES (131,'custom131', '男', 231);
INSERT INTO `custom` VALUES (132,'custom132', '男', 232);
INSERT INTO `custom` VALUES (133,'custom133', '男', 233);
INSERT INTO `custom` VALUES (134,'custom134', '男', 234);
INSERT INTO `custom` VALUES (135,'custom135', '男', 235);
INSERT INTO `custom` VALUES (136,'custom136', '男', 236);
INSERT INTO `custom` VALUES (137,'custom137', '男', 237);
INSERT INTO `custom` VALUES (138,'custom138', '男', 238);
INSERT INTO `custom` VALUES (139,'custom139', '男', 239);
INSERT INTO `custom` VALUES (140,'custom140', '男', 240);
INSERT INTO `custom` VALUES (141,'custom141', '男', 241);
INSERT INTO `custom` VALUES (142,'custom142', '男', 242);
INSERT INTO `custom` VALUES (143,'custom143', '男', 243);
INSERT INTO `custom` VALUES (144,'custom144', '男', 244);
INSERT INTO `custom` VALUES (145,'custom145', '男', 245);
INSERT INTO `custom` VALUES (146,'custom146', '男', 246);
INSERT INTO `custom` VALUES (147,'custom147', '男', 247);
INSERT INTO `custom` VALUES (148,'custom148', '男', 248);
INSERT INTO `custom` VALUES (149,'custom149', '男', 249);
INSERT INTO `custom` VALUES (150,'custom150', '男', 250);
INSERT INTO `custom` VALUES (151,'custom151', '男', 251);
INSERT INTO `custom` VALUES (152,'custom152', '男', 252);
INSERT INTO `custom` VALUES (153,'custom153', '男', 253);
INSERT INTO `custom` VALUES (154,'custom154', '男', 254);
INSERT INTO `custom` VALUES (155,'custom155', '男', 255);
INSERT INTO `custom` VALUES (156,'custom156', '男', 256);
INSERT INTO `custom` VALUES (157,'custom157', '男', 257);
INSERT INTO `custom` VALUES (158,'custom158', '男', 258);
INSERT INTO `custom` VALUES (159,'custom159', '男', 259);
INSERT INTO `custom` VALUES (160,'custom160', '男', 260);
INSERT INTO `custom` VALUES (161,'custom161', '男', 261);
INSERT INTO `custom` VALUES (162,'custom162', '男', 262);
INSERT INTO `custom` VALUES (163,'custom163', '男', 263);
INSERT INTO `custom` VALUES (164,'custom164', '男', 264);
INSERT INTO `custom` VALUES (165,'custom165', '男', 265);
INSERT INTO `custom` VALUES (166,'custom166', '男', 266);
INSERT INTO `custom` VALUES (167,'custom167', '男', 267);
INSERT INTO `custom` VALUES (168,'custom168', '男', 268);
INSERT INTO `custom` VALUES (169,'custom169', '男', 269);
INSERT INTO `custom` VALUES (170,'custom170', '男', 270);
INSERT INTO `custom` VALUES (171,'custom171', '男', 271);
INSERT INTO `custom` VALUES (172,'custom172', '男', 272);
INSERT INTO `custom` VALUES (173,'custom173', '男', 273);
INSERT INTO `custom` VALUES (174,'custom174', '男', 274);
INSERT INTO `custom` VALUES (175,'custom175', '男', 275);
INSERT INTO `custom` VALUES (176,'custom176', '男', 276);
INSERT INTO `custom` VALUES (177,'custom177', '男', 277);
INSERT INTO `custom` VALUES (178,'custom178', '男', 278);
INSERT INTO `custom` VALUES (179,'custom179', '男', 279);
INSERT INTO `custom` VALUES (180,'custom180', '男', 280);
INSERT INTO `custom` VALUES (181,'custom181', '男', 281);
INSERT INTO `custom` VALUES (182,'custom182', '男', 282);
INSERT INTO `custom` VALUES (183,'custom183', '男', 283);
INSERT INTO `custom` VALUES (184,'custom184', '男', 284);
INSERT INTO `custom` VALUES (185,'custom185', '男', 285);
INSERT INTO `custom` VALUES (186,'custom186', '男', 286);
INSERT INTO `custom` VALUES (187,'custom187', '男', 287);
INSERT INTO `custom` VALUES (188,'custom188', '男', 288);
INSERT INTO `custom` VALUES (189,'custom189', '男', 289);
INSERT INTO `custom` VALUES (190,'custom190', '男', 290);
INSERT INTO `custom` VALUES (191,'custom191', '男', 291);
INSERT INTO `custom` VALUES (192,'custom192', '男', 292);
INSERT INTO `custom` VALUES (193,'custom193', '男', 293);
INSERT INTO `custom` VALUES (194,'custom194', '男', 294);
INSERT INTO `custom` VALUES (195,'custom195', '男', 295);
INSERT INTO `custom` VALUES (196,'custom196', '男', 296);
INSERT INTO `custom` VALUES (197,'custom197', '男', 297);
INSERT INTO `custom` VALUES (198,'custom198', '男', 298);
INSERT INTO `custom` VALUES (199,'custom199', '男', 299);



INSERT INTO `task` VALUES (1,'task1',101,11,31);
INSERT INTO `task` VALUES (2,'task2',102,12,31);
INSERT INTO `task` VALUES (3,'task3',103,13,31);
INSERT INTO `task` VALUES (4,'task4',104,14,31);
INSERT INTO `task` VALUES (5,'task5',105,15,31);
INSERT INTO `task` VALUES (6,'task6',106,16,31);
INSERT INTO `task` VALUES (7,'task7',107,17,31);
INSERT INTO `task` VALUES (8,'task8',108,18,31);
INSERT INTO `task` VALUES (9,'task9',109,19,31);
INSERT INTO `task` VALUES (10,'task10',110,20,31);
INSERT INTO `task` VALUES (11,'task11',111,21,31);
INSERT INTO `task` VALUES (12,'task12',112,22,31);
INSERT INTO `task` VALUES (13,'task13',113,23,31);
INSERT INTO `task` VALUES (14,'task14',114,24,31);
INSERT INTO `task` VALUES (15,'task15',115,25,31);
INSERT INTO `task` VALUES (16,'task16',116,26,31);
INSERT INTO `task` VALUES (17,'task17',117,27,31);
INSERT INTO `task` VALUES (18,'task18',118,28,31);
INSERT INTO `task` VALUES (19,'task19',119,29,31);
INSERT INTO `task` VALUES (20,'task20',120,30,31);
INSERT INTO `task` VALUES (21,'task21',121,31,31);
INSERT INTO `task` VALUES (22,'task22',122,32,31);
INSERT INTO `task` VALUES (23,'task23',123,33,31);
INSERT INTO `task` VALUES (24,'task24',124,34,31);
INSERT INTO `task` VALUES (25,'task25',125,35,31);
INSERT INTO `task` VALUES (26,'task26',126,36,31);
INSERT INTO `task` VALUES (27,'task27',127,37,31);
INSERT INTO `task` VALUES (28,'task28',128,38,31);
INSERT INTO `task` VALUES (29,'task29',129,39,31);
INSERT INTO `task` VALUES (30,'task30',130,40,31);
INSERT INTO `task` VALUES (31,'task31',131,41,31);
INSERT INTO `task` VALUES (32,'task32',132,42,31);
INSERT INTO `task` VALUES (33,'task33',133,43,31);
INSERT INTO `task` VALUES (34,'task34',134,44,31);
INSERT INTO `task` VALUES (35,'task35',135,45,31);
INSERT INTO `task` VALUES (36,'task36',136,46,31);
INSERT INTO `task` VALUES (37,'task37',137,47,31);
INSERT INTO `task` VALUES (38,'task38',138,48,31);
INSERT INTO `task` VALUES (39,'task39',139,49,31);
INSERT INTO `task` VALUES (40,'task40',140,50,31);
INSERT INTO `task` VALUES (41,'task41',141,51,31);
INSERT INTO `task` VALUES (42,'task42',142,52,31);
INSERT INTO `task` VALUES (43,'task43',143,53,31);
INSERT INTO `task` VALUES (44,'task44',144,54,31);
INSERT INTO `task` VALUES (45,'task45',145,55,31);
INSERT INTO `task` VALUES (46,'task46',146,56,31);
INSERT INTO `task` VALUES (47,'task47',147,57,31);
INSERT INTO `task` VALUES (48,'task48',148,58,31);
INSERT INTO `task` VALUES (49,'task49',149,59,31);

INSERT INTO `doctor` VALUES (1,'zhangsan1','男',1000001,'faff', 'fasfasf');
INSERT INTO `doctor` VALUES (2,'zhangsan2','男',1000002,'faff', 'fasfasf');
INSERT INTO `doctor` VALUES (3,'zhangsan3','男',1000003,'faff', 'fasfasf');
INSERT INTO `doctor` VALUES (4,'zhangsan4','男',1000004,'faff', 'fasfasf');
INSERT INTO `doctor` VALUES (5,'zhangsan5','男',1000005,'faff', 'fasfasf');
INSERT INTO `doctor` VALUES (6,'zhangsan6','男',1000006,'faff', 'fasfasf');
INSERT INTO `doctor` VALUES (7,'zhangsan7','男',1000007,'faff', 'fasfasf');
INSERT INTO `doctor` VALUES (8,'zhangsan8','男',1000008,'faff', 'fasfasf');
INSERT INTO `doctor` VALUES (9,'zhangsan9','男',1000009,'faff', 'fasfasf');
INSERT INTO `doctor` VALUES (10,'zhangsan10','男',1000010,'faff', 'fasfasf');
INSERT INTO `doctor` VALUES (11,'zhangsan11','男',1000011,'faff', 'fasfasf');
INSERT INTO `doctor` VALUES (12,'zhangsan12','男',1000012,'faff', 'fasfasf');
INSERT INTO `doctor` VALUES (13,'zhangsan13','男',1000013,'faff', 'fasfasf');
INSERT INTO `doctor` VALUES (14,'zhangsan14','男',1000014,'faff', 'fasfasf');
INSERT INTO `doctor` VALUES (15,'zhangsan15','男',1000015,'faff', 'fasfasf');
INSERT INTO `doctor` VALUES (16,'zhangsan16','男',1000016,'faff', 'fasfasf');
INSERT INTO `doctor` VALUES (17,'zhangsan17','男',1000017,'faff', 'fasfasf');
INSERT INTO `doctor` VALUES (18,'zhangsan18','男',1000018,'faff', 'fasfasf');
INSERT INTO `doctor` VALUES (19,'zhangsan19','男',1000019,'faff', 'fasfasf');
INSERT INTO `doctor` VALUES (20,'zhangsan20','男',1000020,'faff', 'fasfasf');
INSERT INTO `doctor` VALUES (21,'zhangsan21','男',1000021,'faff', 'fasfasf');
INSERT INTO `doctor` VALUES (22,'zhangsan22','男',1000022,'faff', 'fasfasf');
INSERT INTO `doctor` VALUES (23,'zhangsan23','男',1000023,'faff', 'fasfasf');
INSERT INTO `doctor` VALUES (24,'zhangsan24','男',1000024,'faff', 'fasfasf');
INSERT INTO `doctor` VALUES (25,'zhangsan25','男',1000025,'faff', 'fasfasf');
INSERT INTO `doctor` VALUES (26,'zhangsan26','男',1000026,'faff', 'fasfasf');
INSERT INTO `doctor` VALUES (27,'zhangsan27','男',1000027,'faff', 'fasfasf');
INSERT INTO `doctor` VALUES (28,'zhangsan28','男',1000028,'faff', 'fasfasf');
INSERT INTO `doctor` VALUES (29,'zhangsan29','男',1000029,'faff', 'fasfasf');
INSERT INTO `doctor` VALUES (30,'zhangsan30','男',1000030,'faff', 'fasfasf');
INSERT INTO `doctor` VALUES (31,'zhangsan31','男',1000031,'faff', 'fasfasf');
INSERT INTO `doctor` VALUES (32,'zhangsan32','男',1000032,'faff', 'fasfasf');
INSERT INTO `doctor` VALUES (33,'zhangsan33','男',1000033,'faff', 'fasfasf');
INSERT INTO `doctor` VALUES (34,'zhangsan34','男',1000034,'faff', 'fasfasf');
INSERT INTO `doctor` VALUES (35,'zhangsan35','男',1000035,'faff', 'fasfasf');
INSERT INTO `doctor` VALUES (36,'zhangsan36','男',1000036,'faff', 'fasfasf');
INSERT INTO `doctor` VALUES (37,'zhangsan37','男',1000037,'faff', 'fasfasf');
INSERT INTO `doctor` VALUES (38,'zhangsan38','男',1000038,'faff', 'fasfasf');
INSERT INTO `doctor` VALUES (39,'zhangsan39','男',1000039,'faff', 'fasfasf');
INSERT INTO `doctor` VALUES (40,'zhangsan40','男',1000040,'faff', 'fasfasf');
INSERT INTO `doctor` VALUES (41,'zhangsan41','男',1000041,'faff', 'fasfasf');
INSERT INTO `doctor` VALUES (42,'zhangsan42','男',1000042,'faff', 'fasfasf');
INSERT INTO `doctor` VALUES (43,'zhangsan43','男',1000043,'faff', 'fasfasf');
INSERT INTO `doctor` VALUES (44,'zhangsan44','男',1000044,'faff', 'fasfasf');
INSERT INTO `doctor` VALUES (45,'zhangsan45','男',1000045,'faff', 'fasfasf');
INSERT INTO `doctor` VALUES (46,'zhangsan46','男',1000046,'faff', 'fasfasf');
INSERT INTO `doctor` VALUES (47,'zhangsan47','男',1000047,'faff', 'fasfasf');
INSERT INTO `doctor` VALUES (48,'zhangsan48','男',1000048,'faff', 'fasfasf');
INSERT INTO `doctor` VALUES (49,'zhangsan49','男',1000049,'faff', 'fasfasf');
INSERT INTO `doctor` VALUES (50,'zhangsan50','男',1000050,'faff', 'fasfasf');
INSERT INTO `doctor` VALUES (51,'zhangsan51','男',1000051,'faff', 'fasfasf');
INSERT INTO `doctor` VALUES (52,'zhangsan52','男',1000052,'faff', 'fasfasf');
INSERT INTO `doctor` VALUES (53,'zhangsan53','男',1000053,'faff', 'fasfasf');
INSERT INTO `doctor` VALUES (54,'zhangsan54','男',1000054,'faff', 'fasfasf');
INSERT INTO `doctor` VALUES (55,'zhangsan55','男',1000055,'faff', 'fasfasf');
INSERT INTO `doctor` VALUES (56,'zhangsan56','男',1000056,'faff', 'fasfasf');
INSERT INTO `doctor` VALUES (57,'zhangsan57','男',1000057,'faff', 'fasfasf');
INSERT INTO `doctor` VALUES (58,'zhangsan58','男',1000058,'faff', 'fasfasf');
INSERT INTO `doctor` VALUES (59,'zhangsan59','男',1000059,'faff', 'fasfasf');
INSERT INTO `doctor` VALUES (60,'zhangsan60','男',1000060,'faff', 'fasfasf');
INSERT INTO `doctor` VALUES (61,'zhangsan61','男',1000061,'faff', 'fasfasf');
INSERT INTO `doctor` VALUES (62,'zhangsan62','男',1000062,'faff', 'fasfasf');
INSERT INTO `doctor` VALUES (63,'zhangsan63','男',1000063,'faff', 'fasfasf');
INSERT INTO `doctor` VALUES (64,'zhangsan64','男',1000064,'faff', 'fasfasf');
INSERT INTO `doctor` VALUES (65,'zhangsan65','男',1000065,'faff', 'fasfasf');
INSERT INTO `doctor` VALUES (66,'zhangsan66','男',1000066,'faff', 'fasfasf');
INSERT INTO `doctor` VALUES (67,'zhangsan67','男',1000067,'faff', 'fasfasf');
INSERT INTO `doctor` VALUES (68,'zhangsan68','男',1000068,'faff', 'fasfasf');
INSERT INTO `doctor` VALUES (69,'zhangsan69','男',1000069,'faff', 'fasfasf');
INSERT INTO `doctor` VALUES (70,'zhangsan70','男',1000070,'faff', 'fasfasf');
INSERT INTO `doctor` VALUES (71,'zhangsan71','男',1000071,'faff', 'fasfasf');
INSERT INTO `doctor` VALUES (72,'zhangsan72','男',1000072,'faff', 'fasfasf');
INSERT INTO `doctor` VALUES (73,'zhangsan73','男',1000073,'faff', 'fasfasf');
INSERT INTO `doctor` VALUES (74,'zhangsan74','男',1000074,'faff', 'fasfasf');
INSERT INTO `doctor` VALUES (75,'zhangsan75','男',1000075,'faff', 'fasfasf');
INSERT INTO `doctor` VALUES (76,'zhangsan76','男',1000076,'faff', 'fasfasf');
INSERT INTO `doctor` VALUES (77,'zhangsan77','男',1000077,'faff', 'fasfasf');
INSERT INTO `doctor` VALUES (78,'zhangsan78','男',1000078,'faff', 'fasfasf');
INSERT INTO `doctor` VALUES (79,'zhangsan79','男',1000079,'faff', 'fasfasf');
INSERT INTO `doctor` VALUES (80,'zhangsan80','男',1000080,'faff', 'fasfasf');
INSERT INTO `doctor` VALUES (81,'zhangsan81','男',1000081,'faff', 'fasfasf');
INSERT INTO `doctor` VALUES (82,'zhangsan82','男',1000082,'faff', 'fasfasf');
INSERT INTO `doctor` VALUES (83,'zhangsan83','男',1000083,'faff', 'fasfasf');
INSERT INTO `doctor` VALUES (84,'zhangsan84','男',1000084,'faff', 'fasfasf');
INSERT INTO `doctor` VALUES (85,'zhangsan85','男',1000085,'faff', 'fasfasf');
INSERT INTO `doctor` VALUES (86,'zhangsan86','男',1000086,'faff', 'fasfasf');
INSERT INTO `doctor` VALUES (87,'zhangsan87','男',1000087,'faff', 'fasfasf');
INSERT INTO `doctor` VALUES (88,'zhangsan88','男',1000088,'faff', 'fasfasf');
INSERT INTO `doctor` VALUES (89,'zhangsan89','男',1000089,'faff', 'fasfasf');
INSERT INTO `doctor` VALUES (90,'zhangsan90','男',1000090,'faff', 'fasfasf');
INSERT INTO `doctor` VALUES (91,'zhangsan91','男',1000091,'faff', 'fasfasf');
INSERT INTO `doctor` VALUES (92,'zhangsan92','男',1000092,'faff', 'fasfasf');
INSERT INTO `doctor` VALUES (93,'zhangsan93','男',1000093,'faff', 'fasfasf');
INSERT INTO `doctor` VALUES (94,'zhangsan94','男',1000094,'faff', 'fasfasf');
INSERT INTO `doctor` VALUES (95,'zhangsan95','男',1000095,'faff', 'fasfasf');
INSERT INTO `doctor` VALUES (96,'zhangsan96','男',1000096,'faff', 'fasfasf');
INSERT INTO `doctor` VALUES (97,'zhangsan97','男',1000097,'faff', 'fasfasf');
INSERT INTO `doctor` VALUES (98,'zhangsan98','男',1000098,'faff', 'fasfasf');
INSERT INTO `doctor` VALUES (99,'zhangsan99','男',1000099,'faff', 'fasfasf');
INSERT INTO `doctor` VALUES (100,'zhangsan100','男',1000100,'faff', 'fasfasf');
INSERT INTO `doctor` VALUES (101,'zhangsan101','男',1000101,'faff', 'fasfasf');
INSERT INTO `doctor` VALUES (102,'zhangsan102','男',1000102,'faff', 'fasfasf');
INSERT INTO `doctor` VALUES (103,'zhangsan103','男',1000103,'faff', 'fasfasf');
INSERT INTO `doctor` VALUES (104,'zhangsan104','男',1000104,'faff', 'fasfasf');
INSERT INTO `doctor` VALUES (105,'zhangsan105','男',1000105,'faff', 'fasfasf');
INSERT INTO `doctor` VALUES (106,'zhangsan106','男',1000106,'faff', 'fasfasf');
INSERT INTO `doctor` VALUES (107,'zhangsan107','男',1000107,'faff', 'fasfasf');
INSERT INTO `doctor` VALUES (108,'zhangsan108','男',1000108,'faff', 'fasfasf');
INSERT INTO `doctor` VALUES (109,'zhangsan109','男',1000109,'faff', 'fasfasf');
INSERT INTO `doctor` VALUES (110,'zhangsan110','男',1000110,'faff', 'fasfasf');
INSERT INTO `doctor` VALUES (111,'zhangsan111','男',1000111,'faff', 'fasfasf');
INSERT INTO `doctor` VALUES (112,'zhangsan112','男',1000112,'faff', 'fasfasf');
INSERT INTO `doctor` VALUES (113,'zhangsan113','男',1000113,'faff', 'fasfasf');
INSERT INTO `doctor` VALUES (114,'zhangsan114','男',1000114,'faff', 'fasfasf');
INSERT INTO `doctor` VALUES (115,'zhangsan115','男',1000115,'faff', 'fasfasf');
INSERT INTO `doctor` VALUES (116,'zhangsan116','男',1000116,'faff', 'fasfasf');
INSERT INTO `doctor` VALUES (117,'zhangsan117','男',1000117,'faff', 'fasfasf');
INSERT INTO `doctor` VALUES (118,'zhangsan118','男',1000118,'faff', 'fasfasf');
INSERT INTO `doctor` VALUES (119,'zhangsan119','男',1000119,'faff', 'fasfasf');
INSERT INTO `doctor` VALUES (120,'zhangsan120','男',1000120,'faff', 'fasfasf');
INSERT INTO `doctor` VALUES (121,'zhangsan121','男',1000121,'faff', 'fasfasf');
INSERT INTO `doctor` VALUES (122,'zhangsan122','男',1000122,'faff', 'fasfasf');
INSERT INTO `doctor` VALUES (123,'zhangsan123','男',1000123,'faff', 'fasfasf');
INSERT INTO `doctor` VALUES (124,'zhangsan124','男',1000124,'faff', 'fasfasf');
INSERT INTO `doctor` VALUES (125,'zhangsan125','男',1000125,'faff', 'fasfasf');
INSERT INTO `doctor` VALUES (126,'zhangsan126','男',1000126,'faff', 'fasfasf');
INSERT INTO `doctor` VALUES (127,'zhangsan127','男',1000127,'faff', 'fasfasf');
INSERT INTO `doctor` VALUES (128,'zhangsan128','男',1000128,'faff', 'fasfasf');
INSERT INTO `doctor` VALUES (129,'zhangsan129','男',1000129,'faff', 'fasfasf');
INSERT INTO `doctor` VALUES (130,'zhangsan130','男',1000130,'faff', 'fasfasf');
INSERT INTO `doctor` VALUES (131,'zhangsan131','男',1000131,'faff', 'fasfasf');
INSERT INTO `doctor` VALUES (132,'zhangsan132','男',1000132,'faff', 'fasfasf');
INSERT INTO `doctor` VALUES (133,'zhangsan133','男',1000133,'faff', 'fasfasf');
INSERT INTO `doctor` VALUES (134,'zhangsan134','男',1000134,'faff', 'fasfasf');
INSERT INTO `doctor` VALUES (135,'zhangsan135','男',1000135,'faff', 'fasfasf');
INSERT INTO `doctor` VALUES (136,'zhangsan136','男',1000136,'faff', 'fasfasf');
INSERT INTO `doctor` VALUES (137,'zhangsan137','男',1000137,'faff', 'fasfasf');
INSERT INTO `doctor` VALUES (138,'zhangsan138','男',1000138,'faff', 'fasfasf');
INSERT INTO `doctor` VALUES (139,'zhangsan139','男',1000139,'faff', 'fasfasf');
INSERT INTO `doctor` VALUES (140,'zhangsan140','男',1000140,'faff', 'fasfasf');
INSERT INTO `doctor` VALUES (141,'zhangsan141','男',1000141,'faff', 'fasfasf');
INSERT INTO `doctor` VALUES (142,'zhangsan142','男',1000142,'faff', 'fasfasf');
INSERT INTO `doctor` VALUES (143,'zhangsan143','男',1000143,'faff', 'fasfasf');
INSERT INTO `doctor` VALUES (144,'zhangsan144','男',1000144,'faff', 'fasfasf');
INSERT INTO `doctor` VALUES (145,'zhangsan145','男',1000145,'faff', 'fasfasf');
INSERT INTO `doctor` VALUES (146,'zhangsan146','男',1000146,'faff', 'fasfasf');
INSERT INTO `doctor` VALUES (147,'zhangsan147','男',1000147,'faff', 'fasfasf');
INSERT INTO `doctor` VALUES (148,'zhangsan148','男',1000148,'faff', 'fasfasf');
INSERT INTO `doctor` VALUES (149,'zhangsan149','男',1000149,'faff', 'fasfasf');
INSERT INTO `doctor` VALUES (150,'zhangsan150','男',1000150,'faff', 'fasfasf');
INSERT INTO `doctor` VALUES (151,'zhangsan151','男',1000151,'faff', 'fasfasf');
INSERT INTO `doctor` VALUES (152,'zhangsan152','男',1000152,'faff', 'fasfasf');
INSERT INTO `doctor` VALUES (153,'zhangsan153','男',1000153,'faff', 'fasfasf');
INSERT INTO `doctor` VALUES (154,'zhangsan154','男',1000154,'faff', 'fasfasf');
INSERT INTO `doctor` VALUES (155,'zhangsan155','男',1000155,'faff', 'fasfasf');
INSERT INTO `doctor` VALUES (156,'zhangsan156','男',1000156,'faff', 'fasfasf');
INSERT INTO `doctor` VALUES (157,'zhangsan157','男',1000157,'faff', 'fasfasf');
INSERT INTO `doctor` VALUES (158,'zhangsan158','男',1000158,'faff', 'fasfasf');
INSERT INTO `doctor` VALUES (159,'zhangsan159','男',1000159,'faff', 'fasfasf');
INSERT INTO `doctor` VALUES (160,'zhangsan160','男',1000160,'faff', 'fasfasf');
INSERT INTO `doctor` VALUES (161,'zhangsan161','男',1000161,'faff', 'fasfasf');
INSERT INTO `doctor` VALUES (162,'zhangsan162','男',1000162,'faff', 'fasfasf');
INSERT INTO `doctor` VALUES (163,'zhangsan163','男',1000163,'faff', 'fasfasf');
INSERT INTO `doctor` VALUES (164,'zhangsan164','男',1000164,'faff', 'fasfasf');
INSERT INTO `doctor` VALUES (165,'zhangsan165','男',1000165,'faff', 'fasfasf');
INSERT INTO `doctor` VALUES (166,'zhangsan166','男',1000166,'faff', 'fasfasf');
INSERT INTO `doctor` VALUES (167,'zhangsan167','男',1000167,'faff', 'fasfasf');
INSERT INTO `doctor` VALUES (168,'zhangsan168','男',1000168,'faff', 'fasfasf');
INSERT INTO `doctor` VALUES (169,'zhangsan169','男',1000169,'faff', 'fasfasf');
INSERT INTO `doctor` VALUES (170,'zhangsan170','男',1000170,'faff', 'fasfasf');
INSERT INTO `doctor` VALUES (171,'zhangsan171','男',1000171,'faff', 'fasfasf');
INSERT INTO `doctor` VALUES (172,'zhangsan172','男',1000172,'faff', 'fasfasf');
INSERT INTO `doctor` VALUES (173,'zhangsan173','男',1000173,'faff', 'fasfasf');
INSERT INTO `doctor` VALUES (174,'zhangsan174','男',1000174,'faff', 'fasfasf');
INSERT INTO `doctor` VALUES (175,'zhangsan175','男',1000175,'faff', 'fasfasf');
INSERT INTO `doctor` VALUES (176,'zhangsan176','男',1000176,'faff', 'fasfasf');
INSERT INTO `doctor` VALUES (177,'zhangsan177','男',1000177,'faff', 'fasfasf');
INSERT INTO `doctor` VALUES (178,'zhangsan178','男',1000178,'faff', 'fasfasf');
INSERT INTO `doctor` VALUES (179,'zhangsan179','男',1000179,'faff', 'fasfasf');
INSERT INTO `doctor` VALUES (180,'zhangsan180','男',1000180,'faff', 'fasfasf');
INSERT INTO `doctor` VALUES (181,'zhangsan181','男',1000181,'faff', 'fasfasf');
INSERT INTO `doctor` VALUES (182,'zhangsan182','男',1000182,'faff', 'fasfasf');
INSERT INTO `doctor` VALUES (183,'zhangsan183','男',1000183,'faff', 'fasfasf');
INSERT INTO `doctor` VALUES (184,'zhangsan184','男',1000184,'faff', 'fasfasf');
INSERT INTO `doctor` VALUES (185,'zhangsan185','男',1000185,'faff', 'fasfasf');
INSERT INTO `doctor` VALUES (186,'zhangsan186','男',1000186,'faff', 'fasfasf');
INSERT INTO `doctor` VALUES (187,'zhangsan187','男',1000187,'faff', 'fasfasf');
INSERT INTO `doctor` VALUES (188,'zhangsan188','男',1000188,'faff', 'fasfasf');
INSERT INTO `doctor` VALUES (189,'zhangsan189','男',1000189,'faff', 'fasfasf');
INSERT INTO `doctor` VALUES (190,'zhangsan190','男',1000190,'faff', 'fasfasf');
INSERT INTO `doctor` VALUES (191,'zhangsan191','男',1000191,'faff', 'fasfasf');
INSERT INTO `doctor` VALUES (192,'zhangsan192','男',1000192,'faff', 'fasfasf');
INSERT INTO `doctor` VALUES (193,'zhangsan193','男',1000193,'faff', 'fasfasf');
INSERT INTO `doctor` VALUES (194,'zhangsan194','男',1000194,'faff', 'fasfasf');
INSERT INTO `doctor` VALUES (195,'zhangsan195','男',1000195,'faff', 'fasfasf');
INSERT INTO `doctor` VALUES (196,'zhangsan196','男',1000196,'faff', 'fasfasf');
INSERT INTO `doctor` VALUES (197,'zhangsan197','男',1000197,'faff', 'fasfasf');
INSERT INTO `doctor` VALUES (198,'zhangsan198','男',1000198,'faff', 'fasfasf');
INSERT INTO `doctor` VALUES (199,'zhangsan199','男',1000199,'faff', 'fasfasf');


INSERT INTO `subscribe` VALUES (1,1,1,1,1, now(),1);
INSERT INTO `subscribe` VALUES (2,2,2,2,1, now(),2);
INSERT INTO `subscribe` VALUES (3,3,3,3,1, now(),3);
INSERT INTO `subscribe` VALUES (4,4,4,4,1, now(),4);
INSERT INTO `subscribe` VALUES (5,5,5,5,1, now(),5);
INSERT INTO `subscribe` VALUES (6,6,6,6,1, now(),6);
INSERT INTO `subscribe` VALUES (7,7,7,7,1, now(),7);
INSERT INTO `subscribe` VALUES (8,8,8,8,1, now(),8);
INSERT INTO `subscribe` VALUES (9,9,9,9,1, now(),9);
INSERT INTO `subscribe` VALUES (10,10,10,10,1, now(),10);
INSERT INTO `subscribe` VALUES (11,11,11,11,1, now(),11);
INSERT INTO `subscribe` VALUES (12,12,12,12,1, now(),12);
INSERT INTO `subscribe` VALUES (13,13,13,13,1, now(),13);
INSERT INTO `subscribe` VALUES (14,14,14,14,1, now(),14);
INSERT INTO `subscribe` VALUES (15,15,15,15,1, now(),15);
INSERT INTO `subscribe` VALUES (16,16,16,16,1, now(),16);
INSERT INTO `subscribe` VALUES (17,17,17,17,1, now(),17);
INSERT INTO `subscribe` VALUES (18,18,18,18,1, now(),18);
INSERT INTO `subscribe` VALUES (19,19,19,19,1, now(),19);
INSERT INTO `subscribe` VALUES (20,20,20,20,1, now(),20);
INSERT INTO `subscribe` VALUES (21,21,21,21,1, now(),21);
INSERT INTO `subscribe` VALUES (22,22,22,22,1, now(),22);
INSERT INTO `subscribe` VALUES (23,23,23,23,1, now(),23);
INSERT INTO `subscribe` VALUES (24,24,24,24,1, now(),24);
INSERT INTO `subscribe` VALUES (25,25,25,25,1, now(),25);
INSERT INTO `subscribe` VALUES (26,26,26,26,1, now(),26);
INSERT INTO `subscribe` VALUES (27,27,27,27,1, now(),27);
INSERT INTO `subscribe` VALUES (28,28,28,28,1, now(),28);
INSERT INTO `subscribe` VALUES (29,29,29,29,1, now(),29);
INSERT INTO `subscribe` VALUES (30,30,30,30,1, now(),30);
INSERT INTO `subscribe` VALUES (31,31,31,31,1, now(),31);
INSERT INTO `subscribe` VALUES (32,32,32,32,1, now(),32);
INSERT INTO `subscribe` VALUES (33,33,33,33,1, now(),33);
INSERT INTO `subscribe` VALUES (34,34,34,34,1, now(),34);
INSERT INTO `subscribe` VALUES (35,35,35,35,1, now(),35);
INSERT INTO `subscribe` VALUES (36,36,36,36,1, now(),36);
INSERT INTO `subscribe` VALUES (37,37,37,37,1, now(),37);
INSERT INTO `subscribe` VALUES (38,38,38,38,1, now(),38);
INSERT INTO `subscribe` VALUES (39,39,39,39,1, now(),39);
INSERT INTO `subscribe` VALUES (40,40,40,40,1, now(),40);
INSERT INTO `subscribe` VALUES (41,41,41,41,1, now(),41);
INSERT INTO `subscribe` VALUES (42,42,42,42,1, now(),42);
INSERT INTO `subscribe` VALUES (43,43,43,43,1, now(),43);
INSERT INTO `subscribe` VALUES (44,44,44,44,1, now(),44);
INSERT INTO `subscribe` VALUES (45,45,45,45,1, now(),45);
INSERT INTO `subscribe` VALUES (46,46,46,46,1, now(),46);
INSERT INTO `subscribe` VALUES (47,47,47,47,1, now(),47);
INSERT INTO `subscribe` VALUES (48,48,48,48,1, now(),48);
INSERT INTO `subscribe` VALUES (49,49,49,49,1, now(),49);
INSERT INTO `subscribe` VALUES (50,50,50,49,1, now(),50);
INSERT INTO `subscribe` VALUES (51,51,51,49,1, now(),51);
INSERT INTO `subscribe` VALUES (52,52,52,49,1, now(),52);
INSERT INTO `subscribe` VALUES (53,53,53,49,1, now(),53);
INSERT INTO `subscribe` VALUES (54,54,54,49,1, now(),54);
INSERT INTO `subscribe` VALUES (55,55,55,49,1, now(),55);
INSERT INTO `subscribe` VALUES (56,56,56,49,1, now(),56);
INSERT INTO `subscribe` VALUES (57,57,57,49,1, now(),57);
INSERT INTO `subscribe` VALUES (58,58,58,49,1, now(),58);
INSERT INTO `subscribe` VALUES (59,59,59,49,1, now(),59);
INSERT INTO `subscribe` VALUES (60,60,60,49,1, now(),60);
INSERT INTO `subscribe` VALUES (61,61,61,49,1, now(),61);
INSERT INTO `subscribe` VALUES (62,62,62,49,1, now(),62);
INSERT INTO `subscribe` VALUES (63,63,63,49,1, now(),63);
INSERT INTO `subscribe` VALUES (64,64,64,49,1, now(),64);
INSERT INTO `subscribe` VALUES (65,65,65,49,1, now(),65);
INSERT INTO `subscribe` VALUES (66,66,66,49,1, now(),66);
INSERT INTO `subscribe` VALUES (67,67,67,49,1, now(),67);
INSERT INTO `subscribe` VALUES (68,68,68,49,1, now(),68);
INSERT INTO `subscribe` VALUES (69,69,69,49,1, now(),69);
INSERT INTO `subscribe` VALUES (70,70,70,49,1, now(),70);
INSERT INTO `subscribe` VALUES (71,71,71,49,1, now(),71);
INSERT INTO `subscribe` VALUES (72,72,72,49,1, now(),72);
INSERT INTO `subscribe` VALUES (73,73,73,49,1, now(),73);
INSERT INTO `subscribe` VALUES (74,74,74,49,1, now(),74);
INSERT INTO `subscribe` VALUES (75,75,75,49,1, now(),75);
INSERT INTO `subscribe` VALUES (76,76,76,49,1, now(),76);
INSERT INTO `subscribe` VALUES (77,77,77,49,1, now(),77);
INSERT INTO `subscribe` VALUES (78,78,78,49,1, now(),78);
INSERT INTO `subscribe` VALUES (79,79,79,49,1, now(),79);
INSERT INTO `subscribe` VALUES (80,80,80,49,1, now(),80);
INSERT INTO `subscribe` VALUES (81,81,81,49,1, now(),81);
INSERT INTO `subscribe` VALUES (82,82,82,49,1, now(),82);
INSERT INTO `subscribe` VALUES (83,83,83,49,1, now(),83);
INSERT INTO `subscribe` VALUES (84,84,84,49,1, now(),84);
INSERT INTO `subscribe` VALUES (85,85,85,49,1, now(),85);
INSERT INTO `subscribe` VALUES (86,86,86,49,1, now(),86);
INSERT INTO `subscribe` VALUES (87,87,87,49,1, now(),87);
INSERT INTO `subscribe` VALUES (88,88,88,49,1, now(),88);
INSERT INTO `subscribe` VALUES (89,89,89,49,1, now(),89);
INSERT INTO `subscribe` VALUES (90,90,90,49,1, now(),90);
INSERT INTO `subscribe` VALUES (91,91,91,49,1, now(),91);
INSERT INTO `subscribe` VALUES (92,92,92,49,1, now(),92);
INSERT INTO `subscribe` VALUES (93,93,93,49,1, now(),93);
INSERT INTO `subscribe` VALUES (94,94,94,49,1, now(),94);
INSERT INTO `subscribe` VALUES (95,95,95,49,1, now(),95);
INSERT INTO `subscribe` VALUES (96,96,96,49,1, now(),96);
INSERT INTO `subscribe` VALUES (97,97,97,49,1, now(),97);
INSERT INTO `subscribe` VALUES (98,98,98,49,1, now(),98);
INSERT INTO `subscribe` VALUES (99,99,99,49,1, now(),99);
INSERT INTO `subscribe` VALUES (100,100,100,49,1, now(),100);
INSERT INTO `subscribe` VALUES (101,101,101,49,1, now(),101);
INSERT INTO `subscribe` VALUES (102,102,102,49,1, now(),102);
INSERT INTO `subscribe` VALUES (103,103,103,49,1, now(),103);
INSERT INTO `subscribe` VALUES (104,104,104,49,1, now(),104);
INSERT INTO `subscribe` VALUES (105,105,105,49,1, now(),105);
INSERT INTO `subscribe` VALUES (106,106,106,49,1, now(),106);
INSERT INTO `subscribe` VALUES (107,107,107,49,1, now(),107);
INSERT INTO `subscribe` VALUES (108,108,108,49,1, now(),108);
INSERT INTO `subscribe` VALUES (109,109,109,49,1, now(),109);
INSERT INTO `subscribe` VALUES (110,110,110,49,1, now(),110);
INSERT INTO `subscribe` VALUES (111,111,111,49,1, now(),111);
INSERT INTO `subscribe` VALUES (112,112,112,49,1, now(),112);
INSERT INTO `subscribe` VALUES (113,113,113,49,1, now(),113);
INSERT INTO `subscribe` VALUES (114,114,114,49,1, now(),114);
INSERT INTO `subscribe` VALUES (115,115,115,49,1, now(),115);
INSERT INTO `subscribe` VALUES (116,116,116,49,1, now(),116);
INSERT INTO `subscribe` VALUES (117,117,117,49,1, now(),117);
INSERT INTO `subscribe` VALUES (118,118,118,49,1, now(),118);
INSERT INTO `subscribe` VALUES (119,119,119,49,1, now(),119);
INSERT INTO `subscribe` VALUES (120,120,120,49,1, now(),120);
INSERT INTO `subscribe` VALUES (121,121,121,49,1, now(),121);
INSERT INTO `subscribe` VALUES (122,122,122,49,1, now(),122);
INSERT INTO `subscribe` VALUES (123,123,123,49,1, now(),123);
INSERT INTO `subscribe` VALUES (124,124,124,49,1, now(),124);
INSERT INTO `subscribe` VALUES (125,125,125,49,1, now(),125);
INSERT INTO `subscribe` VALUES (126,126,126,49,1, now(),126);
INSERT INTO `subscribe` VALUES (127,127,127,49,1, now(),127);
INSERT INTO `subscribe` VALUES (128,128,128,49,1, now(),128);
INSERT INTO `subscribe` VALUES (129,129,129,49,1, now(),129);
INSERT INTO `subscribe` VALUES (130,130,130,49,1, now(),130);
INSERT INTO `subscribe` VALUES (131,131,131,49,1, now(),131);
INSERT INTO `subscribe` VALUES (132,132,132,49,1, now(),132);
INSERT INTO `subscribe` VALUES (133,133,133,49,1, now(),133);
INSERT INTO `subscribe` VALUES (134,134,134,49,1, now(),134);
INSERT INTO `subscribe` VALUES (135,135,135,49,1, now(),135);
INSERT INTO `subscribe` VALUES (136,136,136,49,1, now(),136);
INSERT INTO `subscribe` VALUES (137,137,137,49,1, now(),137);
INSERT INTO `subscribe` VALUES (138,138,138,49,1, now(),138);
INSERT INTO `subscribe` VALUES (139,139,139,49,1, now(),139);
INSERT INTO `subscribe` VALUES (140,140,140,49,1, now(),140);
INSERT INTO `subscribe` VALUES (141,141,141,49,1, now(),141);
INSERT INTO `subscribe` VALUES (142,142,142,49,1, now(),142);
INSERT INTO `subscribe` VALUES (143,143,143,49,1, now(),143);
INSERT INTO `subscribe` VALUES (144,144,144,49,1, now(),144);
INSERT INTO `subscribe` VALUES (145,145,145,49,1, now(),145);
INSERT INTO `subscribe` VALUES (146,146,146,49,1, now(),146);
INSERT INTO `subscribe` VALUES (147,147,147,49,1, now(),147);
INSERT INTO `subscribe` VALUES (148,148,148,49,1, now(),148);
INSERT INTO `subscribe` VALUES (149,149,149,49,1, now(),149);
INSERT INTO `subscribe` VALUES (150,150,150,49,1, now(),150);
INSERT INTO `subscribe` VALUES (151,151,151,49,1, now(),151);
INSERT INTO `subscribe` VALUES (152,152,152,49,1, now(),152);
INSERT INTO `subscribe` VALUES (153,153,153,49,1, now(),153);
INSERT INTO `subscribe` VALUES (154,154,154,49,1, now(),154);
INSERT INTO `subscribe` VALUES (155,155,155,49,1, now(),155);
INSERT INTO `subscribe` VALUES (156,156,156,49,1, now(),156);
INSERT INTO `subscribe` VALUES (157,157,157,49,1, now(),157);
INSERT INTO `subscribe` VALUES (158,158,158,49,1, now(),158);
INSERT INTO `subscribe` VALUES (159,159,159,49,1, now(),159);
INSERT INTO `subscribe` VALUES (160,160,160,49,1, now(),160);
INSERT INTO `subscribe` VALUES (161,161,161,49,1, now(),161);
INSERT INTO `subscribe` VALUES (162,162,162,49,1, now(),162);
INSERT INTO `subscribe` VALUES (163,163,163,49,1, now(),163);
INSERT INTO `subscribe` VALUES (164,164,164,49,1, now(),164);
INSERT INTO `subscribe` VALUES (165,165,165,49,1, now(),165);
INSERT INTO `subscribe` VALUES (166,166,166,49,1, now(),166);
INSERT INTO `subscribe` VALUES (167,167,167,49,1, now(),167);
INSERT INTO `subscribe` VALUES (168,168,168,49,1, now(),168);
INSERT INTO `subscribe` VALUES (169,169,169,49,1, now(),169);
INSERT INTO `subscribe` VALUES (170,170,170,49,1, now(),170);
INSERT INTO `subscribe` VALUES (171,171,171,49,1, now(),171);
INSERT INTO `subscribe` VALUES (172,172,172,49,1, now(),172);
INSERT INTO `subscribe` VALUES (173,173,173,49,1, now(),173);
INSERT INTO `subscribe` VALUES (174,174,174,49,1, now(),174);
INSERT INTO `subscribe` VALUES (175,175,175,49,1, now(),175);
INSERT INTO `subscribe` VALUES (176,176,176,49,1, now(),176);
INSERT INTO `subscribe` VALUES (177,177,177,49,1, now(),177);
INSERT INTO `subscribe` VALUES (178,178,178,49,1, now(),178);
INSERT INTO `subscribe` VALUES (179,179,179,49,1, now(),179);
INSERT INTO `subscribe` VALUES (180,180,180,49,1, now(),180);
INSERT INTO `subscribe` VALUES (181,181,181,49,1, now(),181);
INSERT INTO `subscribe` VALUES (182,182,182,49,1, now(),182);
INSERT INTO `subscribe` VALUES (183,183,183,49,1, now(),183);
INSERT INTO `subscribe` VALUES (184,184,184,49,1, now(),184);
INSERT INTO `subscribe` VALUES (185,185,185,49,1, now(),185);
INSERT INTO `subscribe` VALUES (186,186,186,49,1, now(),186);
INSERT INTO `subscribe` VALUES (187,187,187,49,1, now(),187);
INSERT INTO `subscribe` VALUES (188,188,188,49,1, now(),188);
INSERT INTO `subscribe` VALUES (189,189,189,49,1, now(),189);
INSERT INTO `subscribe` VALUES (190,190,190,49,1, now(),190);
INSERT INTO `subscribe` VALUES (191,191,191,49,1, now(),191);
INSERT INTO `subscribe` VALUES (192,192,192,49,1, now(),192);
INSERT INTO `subscribe` VALUES (193,193,193,49,1, now(),193);
INSERT INTO `subscribe` VALUES (194,194,194,49,1, now(),194);
INSERT INTO `subscribe` VALUES (195,195,195,49,1, now(),195);
INSERT INTO `subscribe` VALUES (196,196,196,49,1, now(),196);
INSERT INTO `subscribe` VALUES (197,197,197,49,1, now(),197);
INSERT INTO `subscribe` VALUES (198,198,198,49,1, now(),198);
INSERT INTO `subscribe` VALUES (199,199,199,49,1, now(),199);
INSERT INTO `subscribe` VALUES (200,199,199,49,1, now(),200);
INSERT INTO `subscribe` VALUES (201,199,199,49,1, now(),201);
INSERT INTO `subscribe` VALUES (202,199,199,49,1, now(),202);
INSERT INTO `subscribe` VALUES (203,199,199,49,1, now(),203);
INSERT INTO `subscribe` VALUES (204,199,199,49,1, now(),204);
INSERT INTO `subscribe` VALUES (205,199,199,49,1, now(),205);
INSERT INTO `subscribe` VALUES (206,199,199,49,1, now(),206);
INSERT INTO `subscribe` VALUES (207,199,199,49,1, now(),207);
INSERT INTO `subscribe` VALUES (208,199,199,49,1, now(),208);
INSERT INTO `subscribe` VALUES (209,199,199,49,1, now(),209);
INSERT INTO `subscribe` VALUES (210,199,199,49,1, now(),210);
INSERT INTO `subscribe` VALUES (211,199,199,49,1, now(),211);
INSERT INTO `subscribe` VALUES (212,199,199,49,1, now(),212);
INSERT INTO `subscribe` VALUES (213,199,199,49,1, now(),213);
INSERT INTO `subscribe` VALUES (214,199,199,49,1, now(),214);
INSERT INTO `subscribe` VALUES (215,199,199,49,1, now(),215);
INSERT INTO `subscribe` VALUES (216,199,199,49,1, now(),216);
INSERT INTO `subscribe` VALUES (217,199,199,49,1, now(),217);
INSERT INTO `subscribe` VALUES (218,199,199,49,1, now(),218);
INSERT INTO `subscribe` VALUES (219,199,199,49,1, now(),219);
INSERT INTO `subscribe` VALUES (220,199,199,49,1, now(),220);
INSERT INTO `subscribe` VALUES (221,199,199,49,1, now(),221);
INSERT INTO `subscribe` VALUES (222,199,199,49,1, now(),222);
INSERT INTO `subscribe` VALUES (223,199,199,49,1, now(),223);
INSERT INTO `subscribe` VALUES (224,199,199,49,1, now(),224);
INSERT INTO `subscribe` VALUES (225,199,199,49,1, now(),225);
INSERT INTO `subscribe` VALUES (226,199,199,49,1, now(),226);
INSERT INTO `subscribe` VALUES (227,199,199,49,1, now(),227);
INSERT INTO `subscribe` VALUES (228,199,199,49,1, now(),228);
INSERT INTO `subscribe` VALUES (229,199,199,49,1, now(),229);
INSERT INTO `subscribe` VALUES (230,199,199,49,1, now(),230);
INSERT INTO `subscribe` VALUES (231,199,199,49,1, now(),231);
INSERT INTO `subscribe` VALUES (232,199,199,49,1, now(),232);
INSERT INTO `subscribe` VALUES (233,199,199,49,1, now(),233);
INSERT INTO `subscribe` VALUES (234,199,199,49,1, now(),234);
INSERT INTO `subscribe` VALUES (235,199,199,49,1, now(),235);
INSERT INTO `subscribe` VALUES (236,199,199,49,1, now(),236);
INSERT INTO `subscribe` VALUES (237,199,199,49,1, now(),237);
INSERT INTO `subscribe` VALUES (238,199,199,49,1, now(),238);
INSERT INTO `subscribe` VALUES (239,199,199,49,1, now(),239);
INSERT INTO `subscribe` VALUES (240,199,199,49,1, now(),240);
INSERT INTO `subscribe` VALUES (241,199,199,49,1, now(),241);
INSERT INTO `subscribe` VALUES (242,199,199,49,1, now(),242);
INSERT INTO `subscribe` VALUES (243,199,199,49,1, now(),243);
INSERT INTO `subscribe` VALUES (244,199,199,49,1, now(),244);
INSERT INTO `subscribe` VALUES (245,199,199,49,1, now(),245);
INSERT INTO `subscribe` VALUES (246,199,199,49,1, now(),246);
INSERT INTO `subscribe` VALUES (247,199,199,49,1, now(),247);
INSERT INTO `subscribe` VALUES (248,199,199,49,1, now(),248);
INSERT INTO `subscribe` VALUES (249,199,199,49,1, now(),249);
INSERT INTO `subscribe` VALUES (250,199,199,49,1, now(),250);
INSERT INTO `subscribe` VALUES (251,199,199,49,1, now(),251);
INSERT INTO `subscribe` VALUES (252,199,199,49,1, now(),252);
INSERT INTO `subscribe` VALUES (253,199,199,49,1, now(),253);
INSERT INTO `subscribe` VALUES (254,199,199,49,1, now(),254);
INSERT INTO `subscribe` VALUES (255,199,199,49,1, now(),255);
INSERT INTO `subscribe` VALUES (256,199,199,49,1, now(),256);
INSERT INTO `subscribe` VALUES (257,199,199,49,1, now(),257);
INSERT INTO `subscribe` VALUES (258,199,199,49,1, now(),258);
INSERT INTO `subscribe` VALUES (259,199,199,49,1, now(),259);
INSERT INTO `subscribe` VALUES (260,199,199,49,1, now(),260);
INSERT INTO `subscribe` VALUES (261,199,199,49,1, now(),261);
INSERT INTO `subscribe` VALUES (262,199,199,49,1, now(),262);
INSERT INTO `subscribe` VALUES (263,199,199,49,1, now(),263);
INSERT INTO `subscribe` VALUES (264,199,199,49,1, now(),264);
INSERT INTO `subscribe` VALUES (265,199,199,49,1, now(),265);
INSERT INTO `subscribe` VALUES (266,199,199,49,1, now(),266);
INSERT INTO `subscribe` VALUES (267,199,199,49,1, now(),267);
INSERT INTO `subscribe` VALUES (268,199,199,49,1, now(),268);
INSERT INTO `subscribe` VALUES (269,199,199,49,1, now(),269);
INSERT INTO `subscribe` VALUES (270,199,199,49,1, now(),270);
INSERT INTO `subscribe` VALUES (271,199,199,49,1, now(),271);
INSERT INTO `subscribe` VALUES (272,199,199,49,1, now(),272);
INSERT INTO `subscribe` VALUES (273,199,199,49,1, now(),273);
INSERT INTO `subscribe` VALUES (274,199,199,49,1, now(),274);
INSERT INTO `subscribe` VALUES (275,199,199,49,1, now(),275);
INSERT INTO `subscribe` VALUES (276,199,199,49,1, now(),276);
INSERT INTO `subscribe` VALUES (277,199,199,49,1, now(),277);
INSERT INTO `subscribe` VALUES (278,199,199,49,1, now(),278);
INSERT INTO `subscribe` VALUES (279,199,199,49,1, now(),279);
INSERT INTO `subscribe` VALUES (280,199,199,49,1, now(),280);
INSERT INTO `subscribe` VALUES (281,199,199,49,1, now(),281);
INSERT INTO `subscribe` VALUES (282,199,199,49,1, now(),282);
INSERT INTO `subscribe` VALUES (283,199,199,49,1, now(),283);
INSERT INTO `subscribe` VALUES (284,199,199,49,1, now(),284);
INSERT INTO `subscribe` VALUES (285,199,199,49,1, now(),285);
INSERT INTO `subscribe` VALUES (286,199,199,49,1, now(),286);
INSERT INTO `subscribe` VALUES (287,199,199,49,1, now(),287);
INSERT INTO `subscribe` VALUES (288,199,199,49,1, now(),288);
INSERT INTO `subscribe` VALUES (289,199,199,49,1, now(),289);
INSERT INTO `subscribe` VALUES (290,199,199,49,1, now(),290);
INSERT INTO `subscribe` VALUES (291,199,199,49,1, now(),291);
INSERT INTO `subscribe` VALUES (292,199,199,49,1, now(),292);
INSERT INTO `subscribe` VALUES (293,199,199,49,1, now(),293);
INSERT INTO `subscribe` VALUES (294,199,199,49,1, now(),294);
INSERT INTO `subscribe` VALUES (295,199,199,49,1, now(),295);
INSERT INTO `subscribe` VALUES (296,199,199,49,1, now(),296);
INSERT INTO `subscribe` VALUES (297,199,199,49,1, now(),297);
INSERT INTO `subscribe` VALUES (298,199,199,49,1, now(),298);
INSERT INTO `subscribe` VALUES (299,199,199,49,1, now(),299);
INSERT INTO `subscribe` VALUES (300,199,199,49,1, now(),300);
INSERT INTO `subscribe` VALUES (301,199,199,49,1, now(),301);
INSERT INTO `subscribe` VALUES (302,199,199,49,1, now(),302);
INSERT INTO `subscribe` VALUES (303,199,199,49,1, now(),303);
INSERT INTO `subscribe` VALUES (304,199,199,49,1, now(),304);
INSERT INTO `subscribe` VALUES (305,199,199,49,1, now(),305);
INSERT INTO `subscribe` VALUES (306,199,199,49,1, now(),306);
INSERT INTO `subscribe` VALUES (307,199,199,49,1, now(),307);
INSERT INTO `subscribe` VALUES (308,199,199,49,1, now(),308);
INSERT INTO `subscribe` VALUES (309,199,199,49,1, now(),309);
INSERT INTO `subscribe` VALUES (310,199,199,49,1, now(),310);
INSERT INTO `subscribe` VALUES (311,199,199,49,1, now(),311);
INSERT INTO `subscribe` VALUES (312,199,199,49,1, now(),312);
INSERT INTO `subscribe` VALUES (313,199,199,49,1, now(),313);
INSERT INTO `subscribe` VALUES (314,199,199,49,1, now(),314);
INSERT INTO `subscribe` VALUES (315,199,199,49,1, now(),315);
INSERT INTO `subscribe` VALUES (316,199,199,49,1, now(),316);
INSERT INTO `subscribe` VALUES (317,199,199,49,1, now(),317);
INSERT INTO `subscribe` VALUES (318,199,199,49,1, now(),318);
INSERT INTO `subscribe` VALUES (319,199,199,49,1, now(),319);
INSERT INTO `subscribe` VALUES (320,199,199,49,1, now(),320);
INSERT INTO `subscribe` VALUES (321,199,199,49,1, now(),321);
INSERT INTO `subscribe` VALUES (322,199,199,49,1, now(),322);
INSERT INTO `subscribe` VALUES (323,199,199,49,1, now(),323);
INSERT INTO `subscribe` VALUES (324,199,199,49,1, now(),324);
INSERT INTO `subscribe` VALUES (325,199,199,49,1, now(),325);
INSERT INTO `subscribe` VALUES (326,199,199,49,1, now(),326);
INSERT INTO `subscribe` VALUES (327,199,199,49,1, now(),327);
INSERT INTO `subscribe` VALUES (328,199,199,49,1, now(),328);
INSERT INTO `subscribe` VALUES (329,199,199,49,1, now(),329);
INSERT INTO `subscribe` VALUES (330,199,199,49,1, now(),330);
INSERT INTO `subscribe` VALUES (331,199,199,49,1, now(),331);
INSERT INTO `subscribe` VALUES (332,199,199,49,1, now(),332);
INSERT INTO `subscribe` VALUES (333,199,199,49,1, now(),333);
INSERT INTO `subscribe` VALUES (334,199,199,49,1, now(),334);
INSERT INTO `subscribe` VALUES (335,199,199,49,1, now(),335);
INSERT INTO `subscribe` VALUES (336,199,199,49,1, now(),336);
INSERT INTO `subscribe` VALUES (337,199,199,49,1, now(),337);
INSERT INTO `subscribe` VALUES (338,199,199,49,1, now(),338);
INSERT INTO `subscribe` VALUES (339,199,199,49,1, now(),339);
INSERT INTO `subscribe` VALUES (340,199,199,49,1, now(),340);
INSERT INTO `subscribe` VALUES (341,199,199,49,1, now(),341);
INSERT INTO `subscribe` VALUES (342,199,199,49,1, now(),342);
INSERT INTO `subscribe` VALUES (343,199,199,49,1, now(),343);
INSERT INTO `subscribe` VALUES (344,199,199,49,1, now(),344);
INSERT INTO `subscribe` VALUES (345,199,199,49,1, now(),345);
INSERT INTO `subscribe` VALUES (346,199,199,49,1, now(),346);
INSERT INTO `subscribe` VALUES (347,199,199,49,1, now(),347);
INSERT INTO `subscribe` VALUES (348,199,199,49,1, now(),348);
INSERT INTO `subscribe` VALUES (349,199,199,49,1, now(),349);
INSERT INTO `subscribe` VALUES (350,199,199,49,1, now(),350);
INSERT INTO `subscribe` VALUES (351,199,199,49,1, now(),351);
INSERT INTO `subscribe` VALUES (352,199,199,49,1, now(),352);
INSERT INTO `subscribe` VALUES (353,199,199,49,1, now(),353);
INSERT INTO `subscribe` VALUES (354,199,199,49,1, now(),354);
INSERT INTO `subscribe` VALUES (355,199,199,49,1, now(),355);
INSERT INTO `subscribe` VALUES (356,199,199,49,1, now(),356);
INSERT INTO `subscribe` VALUES (357,199,199,49,1, now(),357);
INSERT INTO `subscribe` VALUES (358,199,199,49,1, now(),358);
INSERT INTO `subscribe` VALUES (359,199,199,49,1, now(),359);
INSERT INTO `subscribe` VALUES (360,199,199,49,1, now(),360);
INSERT INTO `subscribe` VALUES (361,199,199,49,1, now(),361);
INSERT INTO `subscribe` VALUES (362,199,199,49,1, now(),362);
INSERT INTO `subscribe` VALUES (363,199,199,49,1, now(),363);
INSERT INTO `subscribe` VALUES (364,199,199,49,1, now(),364);
INSERT INTO `subscribe` VALUES (365,199,199,49,1, now(),365);
INSERT INTO `subscribe` VALUES (366,199,199,49,1, now(),366);
INSERT INTO `subscribe` VALUES (367,199,199,49,1, now(),367);
INSERT INTO `subscribe` VALUES (368,199,199,49,1, now(),368);
INSERT INTO `subscribe` VALUES (369,199,199,49,1, now(),369);
INSERT INTO `subscribe` VALUES (370,199,199,49,1, now(),370);
INSERT INTO `subscribe` VALUES (371,199,199,49,1, now(),371);
INSERT INTO `subscribe` VALUES (372,199,199,49,1, now(),372);
INSERT INTO `subscribe` VALUES (373,199,199,49,1, now(),373);
INSERT INTO `subscribe` VALUES (374,199,199,49,1, now(),374);
INSERT INTO `subscribe` VALUES (375,199,199,49,1, now(),375);
INSERT INTO `subscribe` VALUES (376,199,199,49,1, now(),376);
INSERT INTO `subscribe` VALUES (377,199,199,49,1, now(),377);
INSERT INTO `subscribe` VALUES (378,199,199,49,1, now(),378);
INSERT INTO `subscribe` VALUES (379,199,199,49,1, now(),379);
INSERT INTO `subscribe` VALUES (380,199,199,49,1, now(),380);
INSERT INTO `subscribe` VALUES (381,199,199,49,1, now(),381);
INSERT INTO `subscribe` VALUES (382,199,199,49,1, now(),382);
INSERT INTO `subscribe` VALUES (383,199,199,49,1, now(),383);
INSERT INTO `subscribe` VALUES (384,199,199,49,1, now(),384);
INSERT INTO `subscribe` VALUES (385,199,199,49,1, now(),385);
INSERT INTO `subscribe` VALUES (386,199,199,49,1, now(),386);
INSERT INTO `subscribe` VALUES (387,199,199,49,1, now(),387);
INSERT INTO `subscribe` VALUES (388,199,199,49,1, now(),388);
INSERT INTO `subscribe` VALUES (389,199,199,49,1, now(),389);
INSERT INTO `subscribe` VALUES (390,199,199,49,1, now(),390);
INSERT INTO `subscribe` VALUES (391,199,199,49,1, now(),391);
INSERT INTO `subscribe` VALUES (392,199,199,49,1, now(),392);
INSERT INTO `subscribe` VALUES (393,199,199,49,1, now(),393);
INSERT INTO `subscribe` VALUES (394,199,199,49,1, now(),394);
INSERT INTO `subscribe` VALUES (395,199,199,49,1, now(),395);
INSERT INTO `subscribe` VALUES (396,199,199,49,1, now(),396);
INSERT INTO `subscribe` VALUES (397,199,199,49,1, now(),397);
INSERT INTO `subscribe` VALUES (398,199,199,49,1, now(),398);
INSERT INTO `subscribe` VALUES (399,199,199,49,1, now(),399);
INSERT INTO `subscribe` VALUES (400,199,199,49,1, now(),400);
INSERT INTO `subscribe` VALUES (401,199,199,49,1, now(),401);
INSERT INTO `subscribe` VALUES (402,199,199,49,1, now(),402);
INSERT INTO `subscribe` VALUES (403,199,199,49,1, now(),403);
INSERT INTO `subscribe` VALUES (404,199,199,49,1, now(),404);
INSERT INTO `subscribe` VALUES (405,199,199,49,1, now(),405);
INSERT INTO `subscribe` VALUES (406,199,199,49,1, now(),406);
INSERT INTO `subscribe` VALUES (407,199,199,49,1, now(),407);
INSERT INTO `subscribe` VALUES (408,199,199,49,1, now(),408);
INSERT INTO `subscribe` VALUES (409,199,199,49,1, now(),409);
INSERT INTO `subscribe` VALUES (410,199,199,49,1, now(),410);
INSERT INTO `subscribe` VALUES (411,199,199,49,1, now(),411);
INSERT INTO `subscribe` VALUES (412,199,199,49,1, now(),412);
INSERT INTO `subscribe` VALUES (413,199,199,49,1, now(),413);
INSERT INTO `subscribe` VALUES (414,199,199,49,1, now(),414);
INSERT INTO `subscribe` VALUES (415,199,199,49,1, now(),415);
INSERT INTO `subscribe` VALUES (416,199,199,49,1, now(),416);
INSERT INTO `subscribe` VALUES (417,199,199,49,1, now(),417);
INSERT INTO `subscribe` VALUES (418,199,199,49,1, now(),418);
INSERT INTO `subscribe` VALUES (419,199,199,49,1, now(),419);
INSERT INTO `subscribe` VALUES (420,199,199,49,1, now(),420);
INSERT INTO `subscribe` VALUES (421,199,199,49,1, now(),421);
INSERT INTO `subscribe` VALUES (422,199,199,49,1, now(),422);
INSERT INTO `subscribe` VALUES (423,199,199,49,1, now(),423);
INSERT INTO `subscribe` VALUES (424,199,199,49,1, now(),424);
INSERT INTO `subscribe` VALUES (425,199,199,49,1, now(),425);
INSERT INTO `subscribe` VALUES (426,199,199,49,1, now(),426);
INSERT INTO `subscribe` VALUES (427,199,199,49,1, now(),427);
INSERT INTO `subscribe` VALUES (428,199,199,49,1, now(),428);
INSERT INTO `subscribe` VALUES (429,199,199,49,1, now(),429);
INSERT INTO `subscribe` VALUES (430,199,199,49,1, now(),430);
INSERT INTO `subscribe` VALUES (431,199,199,49,1, now(),431);
INSERT INTO `subscribe` VALUES (432,199,199,49,1, now(),432);
INSERT INTO `subscribe` VALUES (433,199,199,49,1, now(),433);
INSERT INTO `subscribe` VALUES (434,199,199,49,1, now(),434);
INSERT INTO `subscribe` VALUES (435,199,199,49,1, now(),435);
INSERT INTO `subscribe` VALUES (436,199,199,49,1, now(),436);
INSERT INTO `subscribe` VALUES (437,199,199,49,1, now(),437);
INSERT INTO `subscribe` VALUES (438,199,199,49,1, now(),438);
INSERT INTO `subscribe` VALUES (439,199,199,49,1, now(),439);
INSERT INTO `subscribe` VALUES (440,199,199,49,1, now(),440);
INSERT INTO `subscribe` VALUES (441,199,199,49,1, now(),441);
INSERT INTO `subscribe` VALUES (442,199,199,49,1, now(),442);
INSERT INTO `subscribe` VALUES (443,199,199,49,1, now(),443);
INSERT INTO `subscribe` VALUES (444,199,199,49,1, now(),444);
INSERT INTO `subscribe` VALUES (445,199,199,49,1, now(),445);
INSERT INTO `subscribe` VALUES (446,199,199,49,1, now(),446);
INSERT INTO `subscribe` VALUES (447,199,199,49,1, now(),447);
INSERT INTO `subscribe` VALUES (448,199,199,49,1, now(),448);
INSERT INTO `subscribe` VALUES (449,199,199,49,1, now(),449);
INSERT INTO `subscribe` VALUES (450,199,199,49,1, now(),450);
INSERT INTO `subscribe` VALUES (451,199,199,49,1, now(),451);
INSERT INTO `subscribe` VALUES (452,199,199,49,1, now(),452);
INSERT INTO `subscribe` VALUES (453,199,199,49,1, now(),453);
INSERT INTO `subscribe` VALUES (454,199,199,49,1, now(),454);
INSERT INTO `subscribe` VALUES (455,199,199,49,1, now(),455);
INSERT INTO `subscribe` VALUES (456,199,199,49,1, now(),456);
INSERT INTO `subscribe` VALUES (457,199,199,49,1, now(),457);
INSERT INTO `subscribe` VALUES (458,199,199,49,1, now(),458);
INSERT INTO `subscribe` VALUES (459,199,199,49,1, now(),459);
INSERT INTO `subscribe` VALUES (460,199,199,49,1, now(),460);
INSERT INTO `subscribe` VALUES (461,199,199,49,1, now(),461);
INSERT INTO `subscribe` VALUES (462,199,199,49,1, now(),462);
INSERT INTO `subscribe` VALUES (463,199,199,49,1, now(),463);
INSERT INTO `subscribe` VALUES (464,199,199,49,1, now(),464);
INSERT INTO `subscribe` VALUES (465,199,199,49,1, now(),465);
INSERT INTO `subscribe` VALUES (466,199,199,49,1, now(),466);
INSERT INTO `subscribe` VALUES (467,199,199,49,1, now(),467);
INSERT INTO `subscribe` VALUES (468,199,199,49,1, now(),468);
INSERT INTO `subscribe` VALUES (469,199,199,49,1, now(),469);
INSERT INTO `subscribe` VALUES (470,199,199,49,1, now(),470);
INSERT INTO `subscribe` VALUES (471,199,199,49,1, now(),471);
INSERT INTO `subscribe` VALUES (472,199,199,49,1, now(),472);
INSERT INTO `subscribe` VALUES (473,199,199,49,1, now(),473);
INSERT INTO `subscribe` VALUES (474,199,199,49,1, now(),474);
INSERT INTO `subscribe` VALUES (475,199,199,49,1, now(),475);
INSERT INTO `subscribe` VALUES (476,199,199,49,1, now(),476);
INSERT INTO `subscribe` VALUES (477,199,199,49,1, now(),477);
INSERT INTO `subscribe` VALUES (478,199,199,49,1, now(),478);
INSERT INTO `subscribe` VALUES (479,199,199,49,1, now(),479);
INSERT INTO `subscribe` VALUES (480,199,199,49,1, now(),480);
INSERT INTO `subscribe` VALUES (481,199,199,49,1, now(),481);
INSERT INTO `subscribe` VALUES (482,199,199,49,1, now(),482);
INSERT INTO `subscribe` VALUES (483,199,199,49,1, now(),483);
INSERT INTO `subscribe` VALUES (484,199,199,49,1, now(),484);
INSERT INTO `subscribe` VALUES (485,199,199,49,1, now(),485);
INSERT INTO `subscribe` VALUES (486,199,199,49,1, now(),486);
INSERT INTO `subscribe` VALUES (487,199,199,49,1, now(),487);
INSERT INTO `subscribe` VALUES (488,199,199,49,1, now(),488);
INSERT INTO `subscribe` VALUES (489,199,199,49,1, now(),489);
INSERT INTO `subscribe` VALUES (490,199,199,49,1, now(),490);
INSERT INTO `subscribe` VALUES (491,199,199,49,1, now(),491);
INSERT INTO `subscribe` VALUES (492,199,199,49,1, now(),492);
INSERT INTO `subscribe` VALUES (493,199,199,49,1, now(),493);
INSERT INTO `subscribe` VALUES (494,199,199,49,1, now(),494);
INSERT INTO `subscribe` VALUES (495,199,199,49,1, now(),495);
INSERT INTO `subscribe` VALUES (496,199,199,49,1, now(),496);
INSERT INTO `subscribe` VALUES (497,199,199,49,1, now(),497);
INSERT INTO `subscribe` VALUES (498,199,199,49,1, now(),498);
INSERT INTO `subscribe` VALUES (499,199,199,49,1, now(),499);
